workerid,condition,response,item,passed_id_check,sound_check_closeness,sound_check_response,correct_sound_check_word
0b47763ec87aa5d3db5e005e82f19758,pedageneric,1,Daxes,True,100,tiger,tiger
0b47763ec87aa5d3db5e005e82f19758,pedageneric,1,Feps,True,100,tiger,tiger
0b47763ec87aa5d3db5e005e82f19758,pedageneric,0.97,Blickets,True,100,tiger,tiger
3c1d3dced02667537f6e8124b33cf77f,generic,0.76,Blickets,,100,evergreen,evergreen
3c1d3dced02667537f6e8124b33cf77f,generic,0.76,Daxes,,100,evergreen,evergreen
3c1d3dced02667537f6e8124b33cf77f,generic,0.96,Feps,,100,evergreen,evergreen
619bf18baf4b345ecd6c4b5bf9334e23,pedagogical,1,Blickets,True,100,tiger,tiger
619bf18baf4b345ecd6c4b5bf9334e23,pedagogical,1,Daxes,True,100,tiger,tiger
619bf18baf4b345ecd6c4b5bf9334e23,pedagogical,1,Feps,True,100,tiger,tiger
f8e6106706dae85dd1b4cf7ac554dc00,pedagogical,0.59,Feps,True,100,tiger,tiger
f8e6106706dae85dd1b4cf7ac554dc00,pedagogical,0.63,Daxes,True,100,tiger,tiger
f8e6106706dae85dd1b4cf7ac554dc00,pedagogical,0.64,Blickets,True,100,tiger,tiger
17ab34eac150b6fa21a9fb344c971020,pedagogical,0.88,Blickets,True,100,tiger,tiger
17ab34eac150b6fa21a9fb344c971020,pedagogical,0.87,Daxes,True,100,tiger,tiger
17ab34eac150b6fa21a9fb344c971020,pedagogical,0.86,Feps,True,100,tiger,tiger
c2ff5dc7163194acef2e0cb4619a71df,generic,0.87,Daxes,,100,evergreen,evergreen
c2ff5dc7163194acef2e0cb4619a71df,generic,0.87,Feps,,100,evergreen,evergreen
c2ff5dc7163194acef2e0cb4619a71df,generic,0.98,Blickets,,100,evergreen,evergreen
602f491d5396dce1a7d84b5dfc94055d,accidental,0.7,Feps,True,100,evergreen,evergreen
602f491d5396dce1a7d84b5dfc94055d,accidental,0.82,Daxes,True,100,evergreen,evergreen
602f491d5396dce1a7d84b5dfc94055d,accidental,1,Blickets,True,100,evergreen,evergreen
5aa7fd62dd51fb12ef0bc4a5d37082ea,pedagogical,0.97,Blickets,True,100,tiger,tiger
5aa7fd62dd51fb12ef0bc4a5d37082ea,pedagogical,0.96,Feps,True,100,tiger,tiger
5aa7fd62dd51fb12ef0bc4a5d37082ea,pedagogical,0.96,Daxes,True,100,tiger,tiger
09983c48b144f2bfe1f2bb6f70e43233,accidental,0.77,Blickets,True,100,tiger,tiger
09983c48b144f2bfe1f2bb6f70e43233,accidental,0.26,Feps,True,100,tiger,tiger
09983c48b144f2bfe1f2bb6f70e43233,accidental,0.22,Daxes,True,100,tiger,tiger
8bd7ad893c274f22ebdfa5cea8733697,accidental,0.8,Blickets,True,100,evergreen,evergreen
8bd7ad893c274f22ebdfa5cea8733697,accidental,0.6,Feps,True,100,evergreen,evergreen
8bd7ad893c274f22ebdfa5cea8733697,accidental,0.88,Daxes,True,100,evergreen,evergreen
556195759a54bad245f5cff4df04cf38,accidental,0.48,Feps,True,60,title,tiger
556195759a54bad245f5cff4df04cf38,accidental,0.51,Blickets,False,60,title,tiger
556195759a54bad245f5cff4df04cf38,accidental,0.49,Daxes,True,60,title,tiger
033531a53debb026a5a45a59afb615ef,generic,0.98,Blickets,,100,tiger,tiger
033531a53debb026a5a45a59afb615ef,generic,0.98,Daxes,,100,tiger,tiger
033531a53debb026a5a45a59afb615ef,generic,0.99,Feps,,100,tiger,tiger
bbb0ccc1a5e1178c73ff3168546753b1,generic,0.93,Daxes,,100,evergreen,evergreen
bbb0ccc1a5e1178c73ff3168546753b1,generic,0.89,Feps,,100,evergreen,evergreen
bbb0ccc1a5e1178c73ff3168546753b1,generic,0.87,Blickets,,100,evergreen,evergreen
5576b74fcc1dd34f151326d245200229,accidental,0.22,Feps,True,100,evergreen,evergreen
5576b74fcc1dd34f151326d245200229,accidental,0.95,Blickets,True,100,evergreen,evergreen
5576b74fcc1dd34f151326d245200229,accidental,1,Daxes,True,100,evergreen,evergreen
eccfff7cac7fc025b4b7f3ac276f3571,2accidental,0.42,Blickets,True,100,tiger,tiger
eccfff7cac7fc025b4b7f3ac276f3571,2accidental,0.77,Daxes,True,100,tiger,tiger
eccfff7cac7fc025b4b7f3ac276f3571,2accidental,0.1,Feps,True,100,tiger,tiger
9b164bb894ba7df0ad22beb5db240509,pedageneric,1,Daxes,True,100,evergreen,evergreen
9b164bb894ba7df0ad22beb5db240509,pedageneric,1,Blickets,True,100,evergreen,evergreen
9b164bb894ba7df0ad22beb5db240509,pedageneric,1,Feps,True,100,evergreen,evergreen
602f491d5396dce1a7d84b5dfc94055d,pedagogical,0.66,Daxes,True,100,tiger,tiger
602f491d5396dce1a7d84b5dfc94055d,pedagogical,0.46,Feps,True,100,tiger,tiger
602f491d5396dce1a7d84b5dfc94055d,pedagogical,0.87,Blickets,True,100,tiger,tiger
0bd6cc8256d57837e52252e171e8a8c2,generic,0.91,Daxes,,100,evergreen,evergreen
0bd6cc8256d57837e52252e171e8a8c2,generic,0.86,Feps,,100,evergreen,evergreen
0bd6cc8256d57837e52252e171e8a8c2,generic,0.77,Blickets,,100,evergreen,evergreen
d24b6499242630d18a3e65bdb53b36d1,accidental,0.49,Blickets,True,95,evergreen ,evergreen
d24b6499242630d18a3e65bdb53b36d1,accidental,0.7,Feps,True,95,evergreen ,evergreen
d24b6499242630d18a3e65bdb53b36d1,accidental,0.63,Daxes,True,95,evergreen ,evergreen
ecac4b91285d44f0d5f1a964e71a82aa,generic,0.73,Blickets,,100,tiger,tiger
ecac4b91285d44f0d5f1a964e71a82aa,generic,0.99,Daxes,,100,tiger,tiger
ecac4b91285d44f0d5f1a964e71a82aa,generic,1,Feps,,100,tiger,tiger
736596d900bb45f1ccc616d9d3f80b1d,generic,1,Daxes,,100,tiger,tiger
736596d900bb45f1ccc616d9d3f80b1d,generic,1,Feps,,100,tiger,tiger
736596d900bb45f1ccc616d9d3f80b1d,generic,1,Blickets,,100,tiger,tiger
65ce2f85d05c5426d43bf214b81d67f5,generic,0.99,Feps,,100,tiger,tiger
65ce2f85d05c5426d43bf214b81d67f5,generic,1,Blickets,,100,tiger,tiger
65ce2f85d05c5426d43bf214b81d67f5,generic,0.99,Daxes,,100,tiger,tiger
7d7715fdf52d94f4b8bdd8ed1e00a9ba,2pedagogical,0.7,Feps,True,100,evergreen,evergreen
7d7715fdf52d94f4b8bdd8ed1e00a9ba,2pedagogical,0.95,Daxes,True,100,evergreen,evergreen
7d7715fdf52d94f4b8bdd8ed1e00a9ba,2pedagogical,0.49,Blickets,True,100,evergreen,evergreen
9e8e78fb70af08c930a639980ddb992f,accidental,0.67,Blickets,True,100,evergreen,evergreen
9e8e78fb70af08c930a639980ddb992f,accidental,0.67,Daxes,True,100,evergreen,evergreen
9e8e78fb70af08c930a639980ddb992f,accidental,0.49,Feps,True,100,evergreen,evergreen
3ceeef0fcf15c0184e45a7fe5c395cba,generic,0.97,Feps,,100,evergreen,evergreen
3ceeef0fcf15c0184e45a7fe5c395cba,generic,1,Blickets,,100,evergreen,evergreen
3ceeef0fcf15c0184e45a7fe5c395cba,generic,1,Daxes,,100,evergreen,evergreen
e95c1074a1ba9a3aeeb86bfdc05b02ce,pedageneric,1,Blickets,True,100,evergreen,evergreen
e95c1074a1ba9a3aeeb86bfdc05b02ce,pedageneric,1,Daxes,True,100,evergreen,evergreen
e95c1074a1ba9a3aeeb86bfdc05b02ce,pedageneric,0.98,Feps,True,100,evergreen,evergreen
34fc2707c7831a3d78e1f9199b8d93ac,pedagogical,0.76,Feps,True,100,evergreen,evergreen
34fc2707c7831a3d78e1f9199b8d93ac,pedagogical,0.93,Daxes,True,100,evergreen,evergreen
34fc2707c7831a3d78e1f9199b8d93ac,pedagogical,0.96,Blickets,True,100,evergreen,evergreen
736596d900bb45f1ccc616d9d3f80b1d,accidental,0.86,Blickets,True,100,evergreen,evergreen
736596d900bb45f1ccc616d9d3f80b1d,accidental,0.86,Daxes,True,100,evergreen,evergreen
736596d900bb45f1ccc616d9d3f80b1d,accidental,0.95,Feps,True,100,evergreen,evergreen
1b54759ea55719e7c654aedd3f1b73b4,accidental,0.74,Blickets,True,100,Evergreen,evergreen
1b54759ea55719e7c654aedd3f1b73b4,accidental,0.55,Feps,True,100,Evergreen,evergreen
1b54759ea55719e7c654aedd3f1b73b4,accidental,0.89,Daxes,True,100,Evergreen,evergreen
fc00f47015ccb1e48cc262392710b8c1,pedageneric,1,Feps,True,100,tiger,tiger
fc00f47015ccb1e48cc262392710b8c1,pedageneric,1,Daxes,True,100,tiger,tiger
fc00f47015ccb1e48cc262392710b8c1,pedageneric,0.51,Blickets,False,100,tiger,tiger
c57782a4b3ef49679915e2010a276de5,2pedagogical,0.84,Blickets,True,100,tiger,tiger
c57782a4b3ef49679915e2010a276de5,2pedagogical,0.82,Feps,True,100,tiger,tiger
c57782a4b3ef49679915e2010a276de5,2pedagogical,0.85,Daxes,True,100,tiger,tiger
3841cdf562c6a2a01ba58db0dc34864b,pedagogical,0.72,Daxes,True,100,evergreen,evergreen
3841cdf562c6a2a01ba58db0dc34864b,pedagogical,0.74,Blickets,True,100,evergreen,evergreen
3841cdf562c6a2a01ba58db0dc34864b,pedagogical,0.64,Feps,True,100,evergreen,evergreen
f1c05922b41376e691e4a6dcbec4e6c9,accidental,0.54,Daxes,True,100,tiger,tiger
f1c05922b41376e691e4a6dcbec4e6c9,accidental,0.51,Blickets,True,100,tiger,tiger
f1c05922b41376e691e4a6dcbec4e6c9,accidental,0.56,Feps,True,100,tiger,tiger
c57782a4b3ef49679915e2010a276de5,accidental,0.51,Blickets,True,100,tiger,tiger
c57782a4b3ef49679915e2010a276de5,accidental,0.51,Daxes,True,100,tiger,tiger
c57782a4b3ef49679915e2010a276de5,accidental,0.51,Feps,True,100,tiger,tiger
341096938542f1220eb6837be7f2e8ad,accidental,1,Blickets,True,100,evergreen,evergreen
341096938542f1220eb6837be7f2e8ad,accidental,0.98,Daxes,True,100,evergreen,evergreen
341096938542f1220eb6837be7f2e8ad,accidental,1,Feps,False,100,evergreen,evergreen
602f491d5396dce1a7d84b5dfc94055d,2accidental,0.79,Daxes,True,100,evergreen,evergreen
602f491d5396dce1a7d84b5dfc94055d,2accidental,0.56,Feps,True,100,evergreen,evergreen
602f491d5396dce1a7d84b5dfc94055d,2accidental,0.71,Blickets,True,100,evergreen,evergreen
76d454e311bcf54b2083286bdc355002,accidental,0.76,Feps,True,100,evergreen,evergreen
76d454e311bcf54b2083286bdc355002,accidental,1,Blickets,True,100,evergreen,evergreen
76d454e311bcf54b2083286bdc355002,accidental,0.51,Daxes,True,100,evergreen,evergreen
74ab37dd909cb1d3a225cf140ac10004,generic,0.74,Feps,,100,evergreen,evergreen
74ab37dd909cb1d3a225cf140ac10004,generic,0.86,Blickets,,100,evergreen,evergreen
74ab37dd909cb1d3a225cf140ac10004,generic,0.78,Daxes,,100,evergreen,evergreen
da2b12f760c3e84d5a1f66117b1c2cc3,pedageneric,1,Daxes,True,100,tiger,tiger
da2b12f760c3e84d5a1f66117b1c2cc3,pedageneric,1,Feps,True,100,tiger,tiger
da2b12f760c3e84d5a1f66117b1c2cc3,pedageneric,0.96,Blickets,True,100,tiger,tiger
94f51f8c910ad3a0da8ccc831ccfb871,generic,0.67,Blickets,,95,ever green,evergreen
94f51f8c910ad3a0da8ccc831ccfb871,generic,0.61,Daxes,,95,ever green,evergreen
94f51f8c910ad3a0da8ccc831ccfb871,generic,0.68,Feps,,95,ever green,evergreen
5ee6225ce17969bb801c8c897a44ea18,accidental,0.94,Blickets,True,100,evergreen,evergreen
5ee6225ce17969bb801c8c897a44ea18,accidental,0.66,Feps,True,100,evergreen,evergreen
5ee6225ce17969bb801c8c897a44ea18,accidental,0.65,Daxes,True,100,evergreen,evergreen
567a0e237974f9180096206e9a25c4ea,pedageneric,0.97,Daxes,True,100,evergreen,evergreen
567a0e237974f9180096206e9a25c4ea,pedageneric,0.95,Feps,True,100,evergreen,evergreen
567a0e237974f9180096206e9a25c4ea,pedageneric,0.91,Blickets,True,100,evergreen,evergreen
01636a7bf35ed05c9efac81b10b12fcf,2accidental,0.48,Feps,True,100,tiger,tiger
01636a7bf35ed05c9efac81b10b12fcf,2accidental,0.84,Blickets,True,100,tiger,tiger
01636a7bf35ed05c9efac81b10b12fcf,2accidental,0.75,Daxes,True,100,tiger,tiger
5353b527b908d1e517919eb8e3722fa9,pedageneric,1,Blickets,True,100,tiger,tiger
5353b527b908d1e517919eb8e3722fa9,pedageneric,1,Daxes,True,100,tiger,tiger
5353b527b908d1e517919eb8e3722fa9,pedageneric,1,Feps,True,100,tiger,tiger
17ee5d905a2952f9b89fb10175466770,2accidental,0.5,Feps,True,100,tiger,tiger
17ee5d905a2952f9b89fb10175466770,2accidental,0.91,Blickets,True,100,tiger,tiger
17ee5d905a2952f9b89fb10175466770,2accidental,0.87,Daxes,True,100,tiger,tiger
dc67154a4bce9000c33d044061935a0a,pedageneric,0.97,Feps,True,100,tiger,tiger
dc67154a4bce9000c33d044061935a0a,pedageneric,0.97,Daxes,True,100,tiger,tiger
dc67154a4bce9000c33d044061935a0a,pedageneric,0.97,Blickets,True,100,tiger,tiger
de28801c8cfb5ea2f861bad0ac08aed3,pedagogical,0.87,Daxes,True,100,tiger,tiger
de28801c8cfb5ea2f861bad0ac08aed3,pedagogical,0.53,Feps,True,100,tiger,tiger
de28801c8cfb5ea2f861bad0ac08aed3,pedagogical,0.5,Blickets,True,100,tiger,tiger
bcc71443c233f3ce1dbab85f6716fd5e,pedagogical,0.86,Daxes,True,100,tiger,tiger
bcc71443c233f3ce1dbab85f6716fd5e,pedagogical,0.83,Blickets,True,100,tiger,tiger
bcc71443c233f3ce1dbab85f6716fd5e,pedagogical,0.84,Feps,True,100,tiger,tiger
75b097cc96c9cac5ea8ed0f47df4a448,2accidental,0.53,Daxes,True,89,evergrenn,evergreen
75b097cc96c9cac5ea8ed0f47df4a448,2accidental,0.86,Feps,True,89,evergrenn,evergreen
75b097cc96c9cac5ea8ed0f47df4a448,2accidental,0.93,Blickets,True,89,evergrenn,evergreen
c6cc1454c6c1415034c633c4c4dddcc8,2pedagogical,0.45,Daxes,True,100,evergreen,evergreen
c6cc1454c6c1415034c633c4c4dddcc8,2pedagogical,0.59,Blickets,True,100,evergreen,evergreen
c6cc1454c6c1415034c633c4c4dddcc8,2pedagogical,0.64,Feps,True,100,evergreen,evergreen
bf110a9ab2557fabd5c74bcd7f9a5f35,generic,0.66,Blickets,,100,Tiger,tiger
bf110a9ab2557fabd5c74bcd7f9a5f35,generic,0.81,Feps,,100,Tiger,tiger
bf110a9ab2557fabd5c74bcd7f9a5f35,generic,0.91,Daxes,,100,Tiger,tiger
d26ca27b73f88be80129d22f1b40ba7e,2accidental,0.84,Daxes,True,100,evergreen,evergreen
d26ca27b73f88be80129d22f1b40ba7e,2accidental,0.52,Feps,True,100,evergreen,evergreen
d26ca27b73f88be80129d22f1b40ba7e,2accidental,0.92,Blickets,True,100,evergreen,evergreen
8c7fd3e86562c116cdb76351ab4f99bd,pedagogical,0.49,Daxes,True,100,tiger,tiger
8c7fd3e86562c116cdb76351ab4f99bd,pedagogical,0.49,Feps,True,100,tiger,tiger
8c7fd3e86562c116cdb76351ab4f99bd,pedagogical,0.49,Blickets,True,100,tiger,tiger
11b84f2613fd0e5698e010b65b5e8c37,2pedagogical,0.5,Daxes,True,100,tiger,tiger
11b84f2613fd0e5698e010b65b5e8c37,2pedagogical,0.61,Blickets,True,100,tiger,tiger
11b84f2613fd0e5698e010b65b5e8c37,2pedagogical,0.6,Feps,True,100,tiger,tiger
a45409c7745759bd14487bcd2678c9aa,pedagogical,0.78,Blickets,True,100,tiger,tiger
a45409c7745759bd14487bcd2678c9aa,pedagogical,0.88,Daxes,True,100,tiger,tiger
a45409c7745759bd14487bcd2678c9aa,pedagogical,0.64,Feps,True,100,tiger,tiger
8ea06dd64054bc2bdbd96630bf9a9401,pedageneric,0.91,Daxes,True,100,evergreen,evergreen
8ea06dd64054bc2bdbd96630bf9a9401,pedageneric,1,Feps,True,100,evergreen,evergreen
8ea06dd64054bc2bdbd96630bf9a9401,pedageneric,0.98,Blickets,True,100,evergreen,evergreen
bd9d1b1e9ff595f625047654f8def448,pedagogical,0.91,Feps,True,100,tiger,tiger
bd9d1b1e9ff595f625047654f8def448,pedagogical,0.93,Blickets,True,100,tiger,tiger
bd9d1b1e9ff595f625047654f8def448,pedagogical,0.94,Daxes,True,100,tiger,tiger
76c2dccca962c8016a3fb86e112cb435,accidental,0.84,Blickets,True,100,evergreen,evergreen
76c2dccca962c8016a3fb86e112cb435,accidental,0.58,Feps,True,100,evergreen,evergreen
76c2dccca962c8016a3fb86e112cb435,accidental,0.76,Daxes,True,100,evergreen,evergreen
296893703f9382f247f38c1836f6d25d,pedageneric,0.97,Feps,True,100,tiger,tiger
296893703f9382f247f38c1836f6d25d,pedageneric,1,Daxes,True,100,tiger,tiger
296893703f9382f247f38c1836f6d25d,pedageneric,0.98,Blickets,True,100,tiger,tiger
5283b31ccc3afe38364e016004ce56a0,pedageneric,0.99,Daxes,True,100,evergreen,evergreen
5283b31ccc3afe38364e016004ce56a0,pedageneric,0.99,Feps,True,100,evergreen,evergreen
5283b31ccc3afe38364e016004ce56a0,pedageneric,0.98,Blickets,True,100,evergreen,evergreen
0392d94490b228f5d3b848f083507a08,2pedagogical,0.97,Feps,True,100,tiger,tiger
0392d94490b228f5d3b848f083507a08,2pedagogical,0.97,Daxes,True,100,tiger,tiger
0392d94490b228f5d3b848f083507a08,2pedagogical,1,Blickets,True,100,tiger,tiger
cd662c00b0329f9a510fc3a35bf7a1c0,pedagogical,0.83,Blickets,True,100,tiger,tiger
cd662c00b0329f9a510fc3a35bf7a1c0,pedagogical,0.82,Daxes,True,100,tiger,tiger
cd662c00b0329f9a510fc3a35bf7a1c0,pedagogical,0.87,Feps,True,100,tiger,tiger
e8c8de1749bd15d2b9fe2c04aa943dca,2accidental,0.51,Feps,True,100,evergreen,evergreen
e8c8de1749bd15d2b9fe2c04aa943dca,2accidental,0.86,Daxes,True,100,evergreen,evergreen
e8c8de1749bd15d2b9fe2c04aa943dca,2accidental,0.97,Blickets,True,100,evergreen,evergreen
706d4b30bc3b0ce9968775d1b77e1dbb,pedagogical,0.5,Blickets,True,100,tiger,tiger
706d4b30bc3b0ce9968775d1b77e1dbb,pedagogical,0.52,Daxes,True,100,tiger,tiger
706d4b30bc3b0ce9968775d1b77e1dbb,pedagogical,0.5,Feps,True,100,tiger,tiger
4752819fbcc175629a8a409471d22d2e,2pedagogical,1,Daxes,True,100,evergreen,evergreen
4752819fbcc175629a8a409471d22d2e,2pedagogical,1,Feps,True,100,evergreen,evergreen
4752819fbcc175629a8a409471d22d2e,2pedagogical,1,Blickets,True,100,evergreen,evergreen
e40220da68a1619ff5900d32036179d9,generic,1,Daxes,,100,tiger,tiger
e40220da68a1619ff5900d32036179d9,generic,1,Blickets,,100,tiger,tiger
e40220da68a1619ff5900d32036179d9,generic,1,Feps,,100,tiger,tiger
89d02163ea1a4167acca1bdfb8fff2d2,accidental,0.76,Daxes,True,100,evergreen,evergreen
89d02163ea1a4167acca1bdfb8fff2d2,accidental,0.36,Feps,True,100,evergreen,evergreen
89d02163ea1a4167acca1bdfb8fff2d2,accidental,0.67,Blickets,True,100,evergreen,evergreen
649427444a02af7b390b87bac33ca643,2accidental,0.88,Daxes,True,100,tiger,tiger
649427444a02af7b390b87bac33ca643,2accidental,0.75,Feps,True,100,tiger,tiger
649427444a02af7b390b87bac33ca643,2accidental,0.97,Blickets,True,100,tiger,tiger
5e7dab1a672e527980a596c91c974f1b,accidental,0.81,Daxes,True,100,tiger,tiger
5e7dab1a672e527980a596c91c974f1b,accidental,0.77,Blickets,True,100,tiger,tiger
5e7dab1a672e527980a596c91c974f1b,accidental,0.38,Feps,True,100,tiger,tiger
f1caf6956b7b0b3e2dfd62a5152a23bf,pedageneric,1,Blickets,True,100,Tiger,tiger
f1caf6956b7b0b3e2dfd62a5152a23bf,pedageneric,0.98,Feps,True,100,Tiger,tiger
f1caf6956b7b0b3e2dfd62a5152a23bf,pedageneric,0.99,Daxes,True,100,Tiger,tiger
54e575bb42f972652e868ebbb9e9bc0c,pedageneric,1,Daxes,True,100,tiger,tiger
54e575bb42f972652e868ebbb9e9bc0c,pedageneric,0.98,Blickets,True,100,tiger,tiger
54e575bb42f972652e868ebbb9e9bc0c,pedageneric,0.96,Feps,True,100,tiger,tiger
e1fc1f39a7fb6628601bb4bed93cc7bf,generic,1,Daxes,,100,Evergreen,evergreen
e1fc1f39a7fb6628601bb4bed93cc7bf,generic,1,Feps,,100,Evergreen,evergreen
e1fc1f39a7fb6628601bb4bed93cc7bf,generic,0.9,Blickets,,100,Evergreen,evergreen
8db6d93600cd1f7a16462698465b66fd,generic,0.97,Daxes,,78,abergreen,evergreen
8db6d93600cd1f7a16462698465b66fd,generic,1,Feps,,78,abergreen,evergreen
8db6d93600cd1f7a16462698465b66fd,generic,0.98,Blickets,,78,abergreen,evergreen
296893703f9382f247f38c1836f6d25d,2accidental,1,Daxes,True,100,evergreen,evergreen
296893703f9382f247f38c1836f6d25d,2accidental,1,Blickets,True,100,evergreen,evergreen
296893703f9382f247f38c1836f6d25d,2accidental,1,Feps,True,100,evergreen,evergreen
ac0c6888bf3d4e31ba4b9ece032ff58c,accidental,0.59,Daxes,True,100,tiger,tiger
ac0c6888bf3d4e31ba4b9ece032ff58c,accidental,0.61,Feps,False,100,tiger,tiger
ac0c6888bf3d4e31ba4b9ece032ff58c,accidental,0.55,Blickets,False,100,tiger,tiger
5fbe18afb088d9f1a6cc48b8cfc1b902,2accidental,0.6,Blickets,False,14,adobe,evergreen
5fbe18afb088d9f1a6cc48b8cfc1b902,2accidental,0.87,Daxes,True,14,adobe,evergreen
5fbe18afb088d9f1a6cc48b8cfc1b902,2accidental,0.39,Feps,True,14,adobe,evergreen
efc95b319c9670f0ed6fb985ad9b133e,pedageneric,0.99,Blickets,True,100,evergreen,evergreen
efc95b319c9670f0ed6fb985ad9b133e,pedageneric,0.67,Feps,True,100,evergreen,evergreen
efc95b319c9670f0ed6fb985ad9b133e,pedageneric,0.62,Daxes,True,100,evergreen,evergreen
1a62d588f81d96a0921a7796b10f4e8e,generic,0.82,Blickets,,100,tiger,tiger
1a62d588f81d96a0921a7796b10f4e8e,generic,0.95,Feps,,100,tiger,tiger
1a62d588f81d96a0921a7796b10f4e8e,generic,0.93,Daxes,,100,tiger,tiger
d970dc338197df2e38ee3edcfc48b37c,2accidental,0.38,Daxes,True,100,tiger,tiger
d970dc338197df2e38ee3edcfc48b37c,2accidental,0.59,Feps,True,100,tiger,tiger
d970dc338197df2e38ee3edcfc48b37c,2accidental,0.76,Blickets,True,100,tiger,tiger
6f6e2adab8bd0faf4075e4718c067ec8,generic,1,Feps,,100,evergreen,evergreen
6f6e2adab8bd0faf4075e4718c067ec8,generic,0.74,Blickets,,100,evergreen,evergreen
6f6e2adab8bd0faf4075e4718c067ec8,generic,0.99,Daxes,,100,evergreen,evergreen
bf4ebc4b145dfdc637be76a9c1b0f96b,pedageneric,1,Feps,True,100,tiger,tiger
bf4ebc4b145dfdc637be76a9c1b0f96b,pedageneric,1,Daxes,True,100,tiger,tiger
bf4ebc4b145dfdc637be76a9c1b0f96b,pedageneric,1,Blickets,True,100,tiger,tiger
e95c1074a1ba9a3aeeb86bfdc05b02ce,generic,0.96,Feps,,100,tiger,tiger
e95c1074a1ba9a3aeeb86bfdc05b02ce,generic,0.97,Blickets,,100,tiger,tiger
e95c1074a1ba9a3aeeb86bfdc05b02ce,generic,0.98,Daxes,,100,tiger,tiger
3c7a3f172004b973790b05c858b00811,pedagogical,1,Daxes,True,100,Evergreen,evergreen
3c7a3f172004b973790b05c858b00811,pedagogical,1,Blickets,True,100,Evergreen,evergreen
3c7a3f172004b973790b05c858b00811,pedagogical,0.5,Feps,True,100,Evergreen,evergreen
5a4dece009660388a3796446ecdcbf49,generic,0.88,Feps,,100,tiger,tiger
5a4dece009660388a3796446ecdcbf49,generic,0.9,Daxes,,100,tiger,tiger
5a4dece009660388a3796446ecdcbf49,generic,0.91,Blickets,,100,tiger,tiger
dad943cdf05c9a0f6b80248619fc931d,2accidental,0.54,Feps,True,100,tiger,tiger
dad943cdf05c9a0f6b80248619fc931d,2accidental,0.67,Blickets,True,100,tiger,tiger
dad943cdf05c9a0f6b80248619fc931d,2accidental,0.77,Daxes,True,100,tiger,tiger
eb7f0f5373b533b5a577cab81d7f2551,generic,0.72,Blickets,,100,tiger,tiger
eb7f0f5373b533b5a577cab81d7f2551,generic,0.71,Daxes,,100,tiger,tiger
eb7f0f5373b533b5a577cab81d7f2551,generic,0.98,Feps,,100,tiger,tiger
602f491d5396dce1a7d84b5dfc94055d,pedageneric,0.99,Daxes,True,100,evergreen,evergreen
602f491d5396dce1a7d84b5dfc94055d,pedageneric,0.85,Blickets,True,100,evergreen,evergreen
602f491d5396dce1a7d84b5dfc94055d,pedageneric,0.99,Feps,True,100,evergreen,evergreen
1fa68b0e7666f022dae6304d9dec4bb9,generic,0.89,Feps,,100,Tiger,tiger
1fa68b0e7666f022dae6304d9dec4bb9,generic,0.91,Daxes,,100,Tiger,tiger
1fa68b0e7666f022dae6304d9dec4bb9,generic,0.87,Blickets,,100,Tiger,tiger
c128f4d5acb3e745be065c21c4829ef6,pedageneric,0.53,Blickets,True,100,tiger,tiger
c128f4d5acb3e745be065c21c4829ef6,pedageneric,0.56,Feps,True,100,tiger,tiger
c128f4d5acb3e745be065c21c4829ef6,pedageneric,0.59,Daxes,True,100,tiger,tiger
d6f1b26315c24fae3ef0a35166f66132,pedageneric,0.96,Feps,True,100,evergreen,evergreen
d6f1b26315c24fae3ef0a35166f66132,pedageneric,0.96,Daxes,True,100,evergreen,evergreen
d6f1b26315c24fae3ef0a35166f66132,pedageneric,1,Blickets,True,100,evergreen,evergreen
78edc713a850c9cff859275c35b583b2,pedagogical,0.54,Daxes,True,100,evergreen,evergreen
78edc713a850c9cff859275c35b583b2,pedagogical,0.98,Blickets,True,100,evergreen,evergreen
78edc713a850c9cff859275c35b583b2,pedagogical,0.54,Feps,True,100,evergreen,evergreen
602f491d5396dce1a7d84b5dfc94055d,pedagogical,0.54,Feps,True,100,tiger,tiger
602f491d5396dce1a7d84b5dfc94055d,pedagogical,0.66,Blickets,True,100,tiger,tiger
602f491d5396dce1a7d84b5dfc94055d,pedagogical,0.9,Daxes,True,100,tiger,tiger
ed3076bd7c53c72647bbddd1f6444d7c,2accidental,0.99,Blickets,True,100,tiger,tiger
ed3076bd7c53c72647bbddd1f6444d7c,2accidental,0.85,Feps,True,100,tiger,tiger
ed3076bd7c53c72647bbddd1f6444d7c,2accidental,0.87,Daxes,True,100,tiger,tiger
0a053a020885bf42ef821cc479d85309,2pedagogical,0.74,Blickets,True,100,evergreen,evergreen
0a053a020885bf42ef821cc479d85309,2pedagogical,0.7,Daxes,True,100,evergreen,evergreen
0a053a020885bf42ef821cc479d85309,2pedagogical,0.67,Feps,True,100,evergreen,evergreen
a754338d6dac0acee74a569da7a09e17,2pedagogical,0.9,Daxes,True,100,tiger,tiger
a754338d6dac0acee74a569da7a09e17,2pedagogical,0.87,Feps,True,100,tiger,tiger
a754338d6dac0acee74a569da7a09e17,2pedagogical,0.83,Blickets,True,100,tiger,tiger
853d2f4db8fbb9b9f453e9c7abd24e2b,accidental,0.93,Blickets,True,100,tiger,tiger
853d2f4db8fbb9b9f453e9c7abd24e2b,accidental,0.71,Feps,True,100,tiger,tiger
853d2f4db8fbb9b9f453e9c7abd24e2b,accidental,0.75,Daxes,True,100,tiger,tiger
4d753ddf9989316c33ff6604392b3e15,accidental,0.79,Feps,True,100,tiger,tiger
4d753ddf9989316c33ff6604392b3e15,accidental,0.5,Daxes,True,100,tiger,tiger
4d753ddf9989316c33ff6604392b3e15,accidental,0.82,Blickets,True,100,tiger,tiger
efc95b319c9670f0ed6fb985ad9b133e,2pedagogical,0.57,Feps,True,100,tiger,tiger
efc95b319c9670f0ed6fb985ad9b133e,2pedagogical,1,Blickets,True,100,tiger,tiger
efc95b319c9670f0ed6fb985ad9b133e,2pedagogical,0.96,Daxes,True,100,tiger,tiger
c57782a4b3ef49679915e2010a276de5,2pedagogical,0.81,Feps,True,100,tiger,tiger
c57782a4b3ef49679915e2010a276de5,2pedagogical,0.83,Blickets,True,100,tiger,tiger
c57782a4b3ef49679915e2010a276de5,2pedagogical,0.83,Daxes,True,100,tiger,tiger
3d7f415938a5095ed9b59553a02e6503,2accidental,0.8,Blickets,False,74,offergreen,evergreen
3d7f415938a5095ed9b59553a02e6503,2accidental,0.62,Daxes,False,74,offergreen,evergreen
3d7f415938a5095ed9b59553a02e6503,2accidental,0.73,Feps,True,74,offergreen,evergreen
b7c3cc9a95e5ab4499ed18c18538183c,accidental,0.72,Blickets,True,100,tiger,tiger
b7c3cc9a95e5ab4499ed18c18538183c,accidental,0.33,Daxes,True,100,tiger,tiger
b7c3cc9a95e5ab4499ed18c18538183c,accidental,0.49,Feps,True,100,tiger,tiger
602f491d5396dce1a7d84b5dfc94055d,generic,1,Feps,,100,evergreen,evergreen
602f491d5396dce1a7d84b5dfc94055d,generic,1,Blickets,,100,evergreen,evergreen
602f491d5396dce1a7d84b5dfc94055d,generic,0.96,Daxes,,100,evergreen,evergreen
eec9690321f64acada8c8b46e82f16ae,pedagogical,0.5,Blickets,True,100,tiger,tiger
eec9690321f64acada8c8b46e82f16ae,pedagogical,0.49,Daxes,True,100,tiger,tiger
eec9690321f64acada8c8b46e82f16ae,pedagogical,0.5,Feps,True,100,tiger,tiger
e2d8df5ca3fd107c877df2bca6661b5e,pedageneric,0.96,Feps,True,100,evergreen,evergreen
e2d8df5ca3fd107c877df2bca6661b5e,pedageneric,0.91,Blickets,True,100,evergreen,evergreen
e2d8df5ca3fd107c877df2bca6661b5e,pedageneric,0.96,Daxes,True,100,evergreen,evergreen
94f51f8c910ad3a0da8ccc831ccfb871,accidental,0.76,Blickets,True,91,tiger ,tiger
94f51f8c910ad3a0da8ccc831ccfb871,accidental,0.8,Daxes,True,91,tiger ,tiger
94f51f8c910ad3a0da8ccc831ccfb871,accidental,0.98,Feps,True,91,tiger ,tiger
d1338b2812359f06a72f0aeda647bfef,generic,1,Feps,,100,evergreen,evergreen
d1338b2812359f06a72f0aeda647bfef,generic,1,Daxes,,100,evergreen,evergreen
d1338b2812359f06a72f0aeda647bfef,generic,0.8,Blickets,,100,evergreen,evergreen
06da494ca1f2daefe69ac25ae1ea1e35,2accidental,0.58,Daxes,True,21,skyscraper,evergreen
06da494ca1f2daefe69ac25ae1ea1e35,2accidental,0.69,Feps,True,21,skyscraper,evergreen
06da494ca1f2daefe69ac25ae1ea1e35,2accidental,0.4,Blickets,False,21,skyscraper,evergreen
74a2821487fc2296cda256574cb697dc,accidental,0.51,Blickets,True,100,evergreen,evergreen
74a2821487fc2296cda256574cb697dc,accidental,0.31,Daxes,True,100,evergreen,evergreen
74a2821487fc2296cda256574cb697dc,accidental,0.21,Feps,True,100,evergreen,evergreen
bd9d1b1e9ff595f625047654f8def448,generic,0.94,Feps,,100,evergreen,evergreen
bd9d1b1e9ff595f625047654f8def448,generic,0.92,Daxes,,100,evergreen,evergreen
bd9d1b1e9ff595f625047654f8def448,generic,0.89,Blickets,,100,evergreen,evergreen
722367d0eaeaa5e549a111fec9ad9dc8,pedageneric,0.98,Feps,True,100,tiger,tiger
722367d0eaeaa5e549a111fec9ad9dc8,pedageneric,0.98,Blickets,True,100,tiger,tiger
722367d0eaeaa5e549a111fec9ad9dc8,pedageneric,0.99,Daxes,True,100,tiger,tiger
83d61b15598de7441cfcfbd3abda95c3,pedageneric,1,Blickets,True,100,tiger,tiger
83d61b15598de7441cfcfbd3abda95c3,pedageneric,1,Feps,True,100,tiger,tiger
83d61b15598de7441cfcfbd3abda95c3,pedageneric,1,Daxes,True,100,tiger,tiger
7ff05c6caec0e456cf4e0d09f33e0103,generic,1,Feps,,100,evergreen,evergreen
7ff05c6caec0e456cf4e0d09f33e0103,generic,1,Daxes,,100,evergreen,evergreen
7ff05c6caec0e456cf4e0d09f33e0103,generic,1,Blickets,,100,evergreen,evergreen
fcae08f2d0eae15f88cc075ef84950b4,pedageneric,0.9,Blickets,True,100,evergreen,evergreen
fcae08f2d0eae15f88cc075ef84950b4,pedageneric,0.96,Daxes,True,100,evergreen,evergreen
fcae08f2d0eae15f88cc075ef84950b4,pedageneric,0.96,Feps,True,100,evergreen,evergreen
d082cc37275f19336ef88324c3fdb5b9,2pedagogical,0.84,Daxes,True,100,tiger,tiger
d082cc37275f19336ef88324c3fdb5b9,2pedagogical,0.89,Blickets,True,100,tiger,tiger
d082cc37275f19336ef88324c3fdb5b9,2pedagogical,0.89,Feps,True,100,tiger,tiger
b90fab7004c847aaaf756f5458159ffc,2pedagogical,0.86,Feps,True,100,tiger,tiger
b90fab7004c847aaaf756f5458159ffc,2pedagogical,1,Daxes,True,100,tiger,tiger
b90fab7004c847aaaf756f5458159ffc,2pedagogical,1,Blickets,True,100,tiger,tiger
e706ebeeb8c4544a6e380da4728d60b5,generic,1,Feps,,100,tiger,tiger
e706ebeeb8c4544a6e380da4728d60b5,generic,0.99,Blickets,,100,tiger,tiger
e706ebeeb8c4544a6e380da4728d60b5,generic,0.98,Daxes,,100,tiger,tiger
f6cef044566657b47a17f6862ce92654,2pedagogical,1,Blickets,True,100,evergreen,evergreen
f6cef044566657b47a17f6862ce92654,2pedagogical,0.97,Daxes,True,100,evergreen,evergreen
f6cef044566657b47a17f6862ce92654,2pedagogical,0.97,Feps,True,100,evergreen,evergreen
837b7de3902ca0b25aca414fda048a02,pedageneric,1,Daxes,True,100,evergreen,evergreen
837b7de3902ca0b25aca414fda048a02,pedageneric,1,Feps,True,100,evergreen,evergreen
837b7de3902ca0b25aca414fda048a02,pedageneric,1,Blickets,False,100,evergreen,evergreen
642a49df72926489f79a7c5b94275b79,pedagogical,0.86,Blickets,True,100,evergreen,evergreen
642a49df72926489f79a7c5b94275b79,pedagogical,0.86,Daxes,True,100,evergreen,evergreen
642a49df72926489f79a7c5b94275b79,pedagogical,0.82,Feps,True,100,evergreen,evergreen
5f09ca5a6ec6ebbc4f8a5af97f1d87df,2pedagogical,0.66,Daxes,True,100,tiger,tiger
5f09ca5a6ec6ebbc4f8a5af97f1d87df,2pedagogical,0.68,Blickets,True,100,tiger,tiger
5f09ca5a6ec6ebbc4f8a5af97f1d87df,2pedagogical,0.72,Feps,True,100,tiger,tiger
77cdff4d0a776c410a8a9a9e88faaec2,pedageneric,0.95,Blickets,True,100,tiger,tiger
77cdff4d0a776c410a8a9a9e88faaec2,pedageneric,1,Feps,True,100,tiger,tiger
77cdff4d0a776c410a8a9a9e88faaec2,pedageneric,0.96,Daxes,True,100,tiger,tiger
9c539708c26be82c6c51dfdcc006b925,generic,0.96,Feps,,60,title,tiger
9c539708c26be82c6c51dfdcc006b925,generic,0.96,Daxes,,60,title,tiger
9c539708c26be82c6c51dfdcc006b925,generic,0.96,Blickets,,60,title,tiger
8617b3b1c127c74f974bbff885fad34f,pedagogical,0.99,Feps,True,100,evergreen,evergreen
8617b3b1c127c74f974bbff885fad34f,pedagogical,0.98,Blickets,True,100,evergreen,evergreen
8617b3b1c127c74f974bbff885fad34f,pedagogical,1,Daxes,True,100,evergreen,evergreen
ce4bbee643a276459545f5492b0f5aac,pedagogical,0.78,Blickets,True,100,tiger,tiger
ce4bbee643a276459545f5492b0f5aac,pedagogical,0.53,Daxes,True,100,tiger,tiger
ce4bbee643a276459545f5492b0f5aac,pedagogical,0.55,Feps,True,100,tiger,tiger
25e0cc9a787be8a6e8fd9e9de2657cbd,2pedagogical,0.98,Feps,True,100,evergreen,evergreen
25e0cc9a787be8a6e8fd9e9de2657cbd,2pedagogical,0.99,Blickets,True,100,evergreen,evergreen
25e0cc9a787be8a6e8fd9e9de2657cbd,2pedagogical,0.98,Daxes,True,100,evergreen,evergreen
feed8fe733fa22ea6a333c7754921d7b,2pedagogical,0.16,Daxes,True,100,tiger,tiger
feed8fe733fa22ea6a333c7754921d7b,2pedagogical,0.92,Feps,True,100,tiger,tiger
feed8fe733fa22ea6a333c7754921d7b,2pedagogical,0.49,Blickets,True,100,tiger,tiger
cf3c7c39dd65d7687aff069cd30965c6,2pedagogical,0.22,Feps,True,100,tiger,tiger
cf3c7c39dd65d7687aff069cd30965c6,2pedagogical,0.74,Daxes,True,100,tiger,tiger
cf3c7c39dd65d7687aff069cd30965c6,2pedagogical,1,Blickets,False,100,tiger,tiger
bedcc2096ab97bb7cd9b7fdc9db564b7,2pedagogical,0.99,Blickets,True,100,tiger,tiger
bedcc2096ab97bb7cd9b7fdc9db564b7,2pedagogical,0.98,Feps,True,100,tiger,tiger
bedcc2096ab97bb7cd9b7fdc9db564b7,2pedagogical,1,Daxes,True,100,tiger,tiger
3fb8cb0a0aaacba1d013a7096497be5e,accidental,0.69,Daxes,True,100,evergreen,evergreen
3fb8cb0a0aaacba1d013a7096497be5e,accidental,0.84,Feps,True,100,evergreen,evergreen
3fb8cb0a0aaacba1d013a7096497be5e,accidental,0.53,Blickets,True,100,evergreen,evergreen
ee904eb91c10f7b74c18595115fc2c84,2accidental,0.96,Blickets,True,100,tiger,tiger
ee904eb91c10f7b74c18595115fc2c84,2accidental,0.95,Feps,True,100,tiger,tiger
ee904eb91c10f7b74c18595115fc2c84,2accidental,0.95,Daxes,True,100,tiger,tiger
40a1025c21c657e239e07b742eaccea0,accidental,0.72,Daxes,True,100,tiger,tiger
40a1025c21c657e239e07b742eaccea0,accidental,0.54,Blickets,True,100,tiger,tiger
40a1025c21c657e239e07b742eaccea0,accidental,0.78,Feps,True,100,tiger,tiger
daa7a65928de6e3d20c4c50cc4b50eca,pedageneric,1,Daxes,True,100,Evergreen,evergreen
daa7a65928de6e3d20c4c50cc4b50eca,pedageneric,1,Feps,True,100,Evergreen,evergreen
daa7a65928de6e3d20c4c50cc4b50eca,pedageneric,0.9,Blickets,True,100,Evergreen,evergreen
1f28a7cf89714d261c716240ba471f48,2accidental,0.76,Blickets,True,100,evergreen,evergreen
1f28a7cf89714d261c716240ba471f48,2accidental,0.84,Feps,True,100,evergreen,evergreen
1f28a7cf89714d261c716240ba471f48,2accidental,0.79,Daxes,True,100,evergreen,evergreen
a16a7d7b3c1f0f7bfa33737421a70255,2accidental,0.51,Feps,True,100,evergreen,evergreen
a16a7d7b3c1f0f7bfa33737421a70255,2accidental,0.66,Daxes,True,100,evergreen,evergreen
a16a7d7b3c1f0f7bfa33737421a70255,2accidental,0.5,Blickets,True,100,evergreen,evergreen
9ac75484de9b25623884cece1ee3604f,accidental,0.43,Feps,False,100,evergreen,evergreen
9ac75484de9b25623884cece1ee3604f,accidental,0.67,Blickets,True,100,evergreen,evergreen
9ac75484de9b25623884cece1ee3604f,accidental,0.77,Daxes,True,100,evergreen,evergreen
322278ed2e01058dbbf88eab0d9bd8cd,2accidental,0.78,Feps,True,100,evergreen,evergreen
322278ed2e01058dbbf88eab0d9bd8cd,2accidental,0.94,Blickets,True,100,evergreen,evergreen
322278ed2e01058dbbf88eab0d9bd8cd,2accidental,0.71,Daxes,True,100,evergreen,evergreen
bb3151237e6d354dcc0e538216e4cd47,2accidental,0.85,Daxes,True,100,tiger,tiger
bb3151237e6d354dcc0e538216e4cd47,2accidental,0.77,Blickets,True,100,tiger,tiger
bb3151237e6d354dcc0e538216e4cd47,2accidental,0.91,Feps,True,100,tiger,tiger
8c7bb985024fdfe0a3fa81fd6cfad502,generic,0.97,Blickets,,100,tiger,tiger
8c7bb985024fdfe0a3fa81fd6cfad502,generic,1,Feps,,100,tiger,tiger
8c7bb985024fdfe0a3fa81fd6cfad502,generic,1,Daxes,,100,tiger,tiger
602f491d5396dce1a7d84b5dfc94055d,generic,1,Feps,,100,tiger,tiger
602f491d5396dce1a7d84b5dfc94055d,generic,0.97,Blickets,,100,tiger,tiger
602f491d5396dce1a7d84b5dfc94055d,generic,1,Daxes,,100,tiger,tiger
9bd9d59f9810fb74fd0b1cc8872a19c2,accidental,0.79,Daxes,True,100,tiger,tiger
9bd9d59f9810fb74fd0b1cc8872a19c2,accidental,0.93,Blickets,False,100,tiger,tiger
9bd9d59f9810fb74fd0b1cc8872a19c2,accidental,0.83,Feps,True,100,tiger,tiger
a54ebfc24a90dd311040571389daf569,pedagogical,0.82,Blickets,True,100,Evergreen,evergreen
a54ebfc24a90dd311040571389daf569,pedagogical,0.87,Daxes,True,100,Evergreen,evergreen
a54ebfc24a90dd311040571389daf569,pedagogical,0.88,Feps,True,100,Evergreen,evergreen
0bf13d3412c0ae19e0dae2294a90bcd5,2accidental,0.81,Daxes,True,100,evergreen,evergreen
0bf13d3412c0ae19e0dae2294a90bcd5,2accidental,0.83,Blickets,True,100,evergreen,evergreen
0bf13d3412c0ae19e0dae2294a90bcd5,2accidental,0.51,Feps,True,100,evergreen,evergreen
58ee4ab7f0eb725601ae99c075bcfff7,2accidental,0.79,Daxes,True,100,tiger,tiger
58ee4ab7f0eb725601ae99c075bcfff7,2accidental,0.95,Blickets,True,100,tiger,tiger
58ee4ab7f0eb725601ae99c075bcfff7,2accidental,0.93,Feps,True,100,tiger,tiger
a72041be6bfb9efccc9dad71258f0b52,2pedagogical,0.71,Feps,True,100,tiger,tiger
a72041be6bfb9efccc9dad71258f0b52,2pedagogical,0.92,Daxes,True,100,tiger,tiger
a72041be6bfb9efccc9dad71258f0b52,2pedagogical,0.7,Blickets,True,100,tiger,tiger
f0e5c785b7741a01b77429489c185f80,pedageneric,0.53,Daxes,True,100,evergreen,evergreen
f0e5c785b7741a01b77429489c185f80,pedageneric,1,Feps,True,100,evergreen,evergreen
f0e5c785b7741a01b77429489c185f80,pedageneric,0.99,Blickets,False,100,evergreen,evergreen
b7b3add4651f705b9c7f6d591414bab5,2accidental,0.49,Feps,True,100,evergreen,evergreen
b7b3add4651f705b9c7f6d591414bab5,2accidental,0.62,Blickets,True,100,evergreen,evergreen
b7b3add4651f705b9c7f6d591414bab5,2accidental,0.64,Daxes,True,100,evergreen,evergreen
ed3f66e3174b901e37b4469993b95c2d,2accidental,1,Daxes,True,100,tiger,tiger
ed3f66e3174b901e37b4469993b95c2d,2accidental,1,Feps,True,100,tiger,tiger
ed3f66e3174b901e37b4469993b95c2d,2accidental,1,Blickets,True,100,tiger,tiger
34eabcadcf875c7d17a7c7cd75441cdf,accidental,0.92,Daxes,True,21,skyscraper,evergreen
34eabcadcf875c7d17a7c7cd75441cdf,accidental,0.9,Feps,True,21,skyscraper,evergreen
34eabcadcf875c7d17a7c7cd75441cdf,accidental,0.99,Blickets,True,21,skyscraper,evergreen
cbf5362060e69fd44eef754cf95a4431,2accidental,0.26,Blickets,False,100,tiger,tiger
cbf5362060e69fd44eef754cf95a4431,2accidental,0.72,Daxes,True,100,tiger,tiger
cbf5362060e69fd44eef754cf95a4431,2accidental,0.75,Feps,True,100,tiger,tiger
fea359892f0449b8d1f32dfbd8132e35,accidental,0.88,Daxes,True,100,evergreen,evergreen
fea359892f0449b8d1f32dfbd8132e35,accidental,0.88,Blickets,True,100,evergreen,evergreen
fea359892f0449b8d1f32dfbd8132e35,accidental,0.9,Feps,True,100,evergreen,evergreen
5e6c0f0c44fa7136b3a5de90a95cb301,pedageneric,1,Daxes,True,100,evergreen,evergreen
5e6c0f0c44fa7136b3a5de90a95cb301,pedageneric,1,Feps,True,100,evergreen,evergreen
5e6c0f0c44fa7136b3a5de90a95cb301,pedageneric,0.78,Blickets,True,100,evergreen,evergreen
7ac027496c89792ccbfe768f58e4161c,2pedagogical,0.98,Daxes,True,100,tiger,tiger
7ac027496c89792ccbfe768f58e4161c,2pedagogical,0.97,Blickets,True,100,tiger,tiger
7ac027496c89792ccbfe768f58e4161c,2pedagogical,0.95,Feps,True,100,tiger,tiger
2a3a774bbe86a83be07c2ce6ecf01c9b,pedagogical,0.95,Daxes,True,100,Evergreen,evergreen
2a3a774bbe86a83be07c2ce6ecf01c9b,pedagogical,0.59,Blickets,True,100,Evergreen,evergreen
2a3a774bbe86a83be07c2ce6ecf01c9b,pedagogical,0.49,Feps,True,100,Evergreen,evergreen
de28801c8cfb5ea2f861bad0ac08aed3,accidental,0.64,Feps,True,100,tiger,tiger
de28801c8cfb5ea2f861bad0ac08aed3,accidental,0.97,Daxes,True,100,tiger,tiger
de28801c8cfb5ea2f861bad0ac08aed3,accidental,1,Blickets,True,100,tiger,tiger
1c85e0a58257a9b516cdfebc0675f1a6,generic,1,Blickets,,100,tiger,tiger
1c85e0a58257a9b516cdfebc0675f1a6,generic,0.62,Daxes,,100,tiger,tiger
1c85e0a58257a9b516cdfebc0675f1a6,generic,0.9,Feps,,100,tiger,tiger
219172aef827570aedc64fb58f7cc72d,2pedagogical,0.95,Blickets,True,100,tiger,tiger
219172aef827570aedc64fb58f7cc72d,2pedagogical,0.96,Daxes,True,100,tiger,tiger
219172aef827570aedc64fb58f7cc72d,2pedagogical,0.96,Feps,True,100,tiger,tiger
559b65586c22322619c13d097b3cbcbb,generic,0.77,Daxes,,100,evergreen,evergreen
559b65586c22322619c13d097b3cbcbb,generic,0.79,Feps,,100,evergreen,evergreen
559b65586c22322619c13d097b3cbcbb,generic,0.88,Blickets,,100,evergreen,evergreen
56fa903bda74c5ab4f7898c52a9fb341,2pedagogical,0.56,Daxes,False,100,tiger,tiger
56fa903bda74c5ab4f7898c52a9fb341,2pedagogical,0.87,Blickets,False,100,tiger,tiger
56fa903bda74c5ab4f7898c52a9fb341,2pedagogical,0.71,Feps,False,100,tiger,tiger
38b7b1df45e0cd1503261ccbc03ce365,pedagogical,0.7,Feps,True,100,tiger,tiger
38b7b1df45e0cd1503261ccbc03ce365,pedagogical,0.59,Daxes,True,100,tiger,tiger
38b7b1df45e0cd1503261ccbc03ce365,pedagogical,0.7,Blickets,True,100,tiger,tiger
482990d74a8087f2c755bf2782940ae4,2accidental,0.51,Feps,True,100,evergreen,evergreen
482990d74a8087f2c755bf2782940ae4,2accidental,0.51,Blickets,True,100,evergreen,evergreen
482990d74a8087f2c755bf2782940ae4,2accidental,0.5,Daxes,True,100,evergreen,evergreen
df3af676f167171a8a1843af689c870f,accidental,0.72,Feps,True,100,evergreen,evergreen
df3af676f167171a8a1843af689c870f,accidental,0.85,Blickets,False,100,evergreen,evergreen
df3af676f167171a8a1843af689c870f,accidental,0.67,Daxes,False,100,evergreen,evergreen
4fd614c681a64981f1091dd6f090456e,pedageneric,0.99,Daxes,True,100,evergreen,evergreen
4fd614c681a64981f1091dd6f090456e,pedageneric,1,Feps,True,100,evergreen,evergreen
4fd614c681a64981f1091dd6f090456e,pedageneric,1,Blickets,True,100,evergreen,evergreen
db6ca74323e03351350da57f77feb289,pedagogical,0.26,Feps,True,100,Evergreen,evergreen
db6ca74323e03351350da57f77feb289,pedagogical,0.15,Daxes,True,100,Evergreen,evergreen
db6ca74323e03351350da57f77feb289,pedagogical,0.84,Blickets,True,100,Evergreen,evergreen
4500dab4753d46cd0fe6060182ded92d,2pedagogical,0.62,Daxes,True,100,evergreen,evergreen
4500dab4753d46cd0fe6060182ded92d,2pedagogical,0.9,Blickets,True,100,evergreen,evergreen
4500dab4753d46cd0fe6060182ded92d,2pedagogical,0.87,Feps,True,100,evergreen,evergreen
606a53040821c2ea9b0fc32046cebb58,2pedagogical,0.85,Feps,True,100,tiger,tiger
606a53040821c2ea9b0fc32046cebb58,2pedagogical,0.88,Daxes,True,100,tiger,tiger
606a53040821c2ea9b0fc32046cebb58,2pedagogical,0.78,Blickets,True,100,tiger,tiger
39f64d978c0277f59f0a4341ec3113f8,pedageneric,0.99,Blickets,True,100,tiger,tiger
39f64d978c0277f59f0a4341ec3113f8,pedageneric,0.97,Daxes,True,100,tiger,tiger
39f64d978c0277f59f0a4341ec3113f8,pedageneric,0.98,Feps,True,100,tiger,tiger
6a78c282b57531cd41edd82d0b7b22f9,pedageneric,1,Blickets,True,100,tiger,tiger
6a78c282b57531cd41edd82d0b7b22f9,pedageneric,1,Feps,True,100,tiger,tiger
6a78c282b57531cd41edd82d0b7b22f9,pedageneric,1,Daxes,True,100,tiger,tiger
9dc07b34896ca393dcb59f062eb579fa,2accidental,0.78,Feps,False,100,tiger,tiger
9dc07b34896ca393dcb59f062eb579fa,2accidental,0.8,Daxes,False,100,tiger,tiger
9dc07b34896ca393dcb59f062eb579fa,2accidental,0.79,Blickets,False,100,tiger,tiger
0c68f9b7340887768fa47368c5643a0d,2accidental,0.8,Blickets,True,100,evergreen,evergreen
0c68f9b7340887768fa47368c5643a0d,2accidental,0.23,Feps,True,100,evergreen,evergreen
0c68f9b7340887768fa47368c5643a0d,2accidental,0.91,Daxes,True,100,evergreen,evergreen
65f8ee231681cd7a7e07c08250048d2d,pedageneric,0.88,Feps,True,100,evergreen,evergreen
65f8ee231681cd7a7e07c08250048d2d,pedageneric,0.94,Blickets,True,100,evergreen,evergreen
65f8ee231681cd7a7e07c08250048d2d,pedageneric,0.93,Daxes,True,100,evergreen,evergreen
8a3748f64ded4495b02345167a0bd9de,generic,0.98,Blickets,,100,tiger,tiger
8a3748f64ded4495b02345167a0bd9de,generic,1,Daxes,,100,tiger,tiger
8a3748f64ded4495b02345167a0bd9de,generic,1,Feps,,100,tiger,tiger
0f55db7f304a563535c35b8fafcb8870,accidental,0.45,Feps,True,100,tiger,tiger
0f55db7f304a563535c35b8fafcb8870,accidental,0.92,Daxes,True,100,tiger,tiger
0f55db7f304a563535c35b8fafcb8870,accidental,0.78,Blickets,True,100,tiger,tiger
eac605a670b8d8beb74503980aea1f55,generic,0.75,Blickets,,100,evergreen,evergreen
eac605a670b8d8beb74503980aea1f55,generic,0.93,Daxes,,100,evergreen,evergreen
eac605a670b8d8beb74503980aea1f55,generic,0.76,Feps,,100,evergreen,evergreen
f2484e331c36f6b40d1eeb5c5ed9b3ec,accidental,0.56,Feps,True,100,tiger,tiger
f2484e331c36f6b40d1eeb5c5ed9b3ec,accidental,0.87,Blickets,True,100,tiger,tiger
f2484e331c36f6b40d1eeb5c5ed9b3ec,accidental,0.31,Daxes,True,100,tiger,tiger
1ebe8e76628a27a9cccbca2b8169b6c8,2accidental,0.5,Blickets,True,100,tiger,tiger
1ebe8e76628a27a9cccbca2b8169b6c8,2accidental,0.51,Feps,True,100,tiger,tiger
1ebe8e76628a27a9cccbca2b8169b6c8,2accidental,0.51,Daxes,True,100,tiger,tiger
da523dbce9613e781a284f101c2c7b85,accidental,0.88,Daxes,True,100,evergreen,evergreen
da523dbce9613e781a284f101c2c7b85,accidental,0.74,Blickets,True,100,evergreen,evergreen
da523dbce9613e781a284f101c2c7b85,accidental,0.18,Feps,True,100,evergreen,evergreen
1cef02fd0b84c505b54f5fe4b15f00e6,accidental,0.49,Daxes,True,100,evergreen,evergreen
1cef02fd0b84c505b54f5fe4b15f00e6,accidental,1,Blickets,True,100,evergreen,evergreen
1cef02fd0b84c505b54f5fe4b15f00e6,accidental,0.21,Feps,True,100,evergreen,evergreen
602f491d5396dce1a7d84b5dfc94055d,generic,0.87,Feps,,100,tiger,tiger
602f491d5396dce1a7d84b5dfc94055d,generic,0.96,Blickets,,100,tiger,tiger
602f491d5396dce1a7d84b5dfc94055d,generic,1,Daxes,,100,tiger,tiger
bd831598eb47f8c9c47d08452e24fbc1,accidental,0.64,Daxes,True,100,evergreen,evergreen
bd831598eb47f8c9c47d08452e24fbc1,accidental,0.25,Feps,True,100,evergreen,evergreen
bd831598eb47f8c9c47d08452e24fbc1,accidental,0.21,Blickets,True,100,evergreen,evergreen
de5cb29f97fcb80bfd845738c13dcd63,pedageneric,1,Blickets,True,100,evergreen,evergreen
de5cb29f97fcb80bfd845738c13dcd63,pedageneric,1,Feps,True,100,evergreen,evergreen
de5cb29f97fcb80bfd845738c13dcd63,pedageneric,1,Daxes,True,100,evergreen,evergreen
7302c29a77948e5557b5116eca1ece03,accidental,0.82,Blickets,False,100,tiger,tiger
7302c29a77948e5557b5116eca1ece03,accidental,0.8,Feps,True,100,tiger,tiger
7302c29a77948e5557b5116eca1ece03,accidental,0.73,Daxes,True,100,tiger,tiger
5fc305c58b20e51036baf57ce5018cbe,2accidental,0.5,Feps,True,100,evergreen,evergreen
5fc305c58b20e51036baf57ce5018cbe,2accidental,0.89,Daxes,True,100,evergreen,evergreen
5fc305c58b20e51036baf57ce5018cbe,2accidental,0.93,Blickets,True,100,evergreen,evergreen
db2f6f880872c07adfb868d5db09ce83,accidental,0.97,Blickets,True,100,tiger,tiger
db2f6f880872c07adfb868d5db09ce83,accidental,0.13,Feps,True,100,tiger,tiger
db2f6f880872c07adfb868d5db09ce83,accidental,0.11,Daxes,True,100,tiger,tiger
a6f3f6d193b170fdb5900d830f6c8cb4,pedagogical,0.75,Blickets,True,100,tiger,tiger
a6f3f6d193b170fdb5900d830f6c8cb4,pedagogical,0.47,Daxes,True,100,tiger,tiger
a6f3f6d193b170fdb5900d830f6c8cb4,pedagogical,0.74,Feps,True,100,tiger,tiger
3a94dbcd4b3536e426e5803fdd81fe7e,2pedagogical,0.99,Blickets,True,100,evergreen,evergreen
3a94dbcd4b3536e426e5803fdd81fe7e,2pedagogical,0.79,Feps,True,100,evergreen,evergreen
3a94dbcd4b3536e426e5803fdd81fe7e,2pedagogical,0.99,Daxes,True,100,evergreen,evergreen
5ce6913c71304c072a9ffb272761b8b2,2pedagogical,0.77,Daxes,True,100,evergreen,evergreen
5ce6913c71304c072a9ffb272761b8b2,2pedagogical,0.94,Blickets,True,100,evergreen,evergreen
5ce6913c71304c072a9ffb272761b8b2,2pedagogical,0.89,Feps,True,100,evergreen,evergreen
cbb140de1834c495fa3642f1e32e142f,generic,1,Blickets,,100,evergreen,evergreen
cbb140de1834c495fa3642f1e32e142f,generic,0.98,Feps,,100,evergreen,evergreen
cbb140de1834c495fa3642f1e32e142f,generic,0.97,Daxes,,100,evergreen,evergreen
1f28a7cf89714d261c716240ba471f48,pedageneric,0.98,Feps,True,100,EVERGREEN,evergreen
1f28a7cf89714d261c716240ba471f48,pedageneric,0.64,Daxes,True,100,EVERGREEN,evergreen
1f28a7cf89714d261c716240ba471f48,pedageneric,0.68,Blickets,True,100,EVERGREEN,evergreen
30ab69b5b76c8ddaf18d417da682cf01,pedagogical,1,Daxes,True,100,evergreen,evergreen
30ab69b5b76c8ddaf18d417da682cf01,pedagogical,1,Feps,True,100,evergreen,evergreen
30ab69b5b76c8ddaf18d417da682cf01,pedagogical,1,Blickets,True,100,evergreen,evergreen
8f3f5929f3deb15e02775ff96068dd11,2accidental,0.71,Blickets,False,100,evergreen,evergreen
8f3f5929f3deb15e02775ff96068dd11,2accidental,0.73,Feps,True,100,evergreen,evergreen
8f3f5929f3deb15e02775ff96068dd11,2accidental,0.83,Daxes,True,100,evergreen,evergreen
0b2ea3ef2837693a52fa9509df3501b1,2pedagogical,0.24,Feps,True,100,tiger,tiger
0b2ea3ef2837693a52fa9509df3501b1,2pedagogical,0.82,Blickets,True,100,tiger,tiger
0b2ea3ef2837693a52fa9509df3501b1,2pedagogical,0.67,Daxes,True,100,tiger,tiger
55c79f7372c5b3c977cbf1a5ef5ab1a0,pedagogical,0.9,Feps,True,100,tiger,tiger
55c79f7372c5b3c977cbf1a5ef5ab1a0,pedagogical,1,Blickets,True,100,tiger,tiger
55c79f7372c5b3c977cbf1a5ef5ab1a0,pedagogical,1,Daxes,True,100,tiger,tiger
958c72cda1702610f9e4d4aa88b5573b,pedagogical,0.75,Daxes,True,100,evergreen,evergreen
958c72cda1702610f9e4d4aa88b5573b,pedagogical,0.83,Feps,True,100,evergreen,evergreen
958c72cda1702610f9e4d4aa88b5573b,pedagogical,0.88,Blickets,True,100,evergreen,evergreen
8e4078d8d094fbe4ec6651c81e6c829e,accidental,0.97,Daxes,True,100,TIGER,tiger
8e4078d8d094fbe4ec6651c81e6c829e,accidental,0.05,Feps,True,100,TIGER,tiger
8e4078d8d094fbe4ec6651c81e6c829e,accidental,0.98,Blickets,True,100,TIGER,tiger
4b3987ccdee3c03c48b5e1418bccab7c,accidental,0.3,Daxes,True,100,Evergreen,evergreen
4b3987ccdee3c03c48b5e1418bccab7c,accidental,0.59,Blickets,False,100,Evergreen,evergreen
4b3987ccdee3c03c48b5e1418bccab7c,accidental,0.65,Feps,False,100,Evergreen,evergreen
51eb30bbbb106d7312c6ce439d0bfcac,2pedagogical,0.87,Feps,True,100,evergreen,evergreen
51eb30bbbb106d7312c6ce439d0bfcac,2pedagogical,0.97,Blickets,True,100,evergreen,evergreen
51eb30bbbb106d7312c6ce439d0bfcac,2pedagogical,1,Daxes,True,100,evergreen,evergreen
1bfed0791c7855c3542ede7cf596335a,generic,0.91,Blickets,,100,tiger,tiger
1bfed0791c7855c3542ede7cf596335a,generic,0.94,Daxes,,100,tiger,tiger
1bfed0791c7855c3542ede7cf596335a,generic,0.92,Feps,,100,tiger,tiger
30a504c37d88aee38188ee6a53d5bbae,pedagogical,0.85,Blickets,True,100,tiger,tiger
30a504c37d88aee38188ee6a53d5bbae,pedagogical,0.83,Feps,True,100,tiger,tiger
30a504c37d88aee38188ee6a53d5bbae,pedagogical,0.89,Daxes,True,100,tiger,tiger
0c0e7ac66ed4019f26697db9f459a39a,pedagogical,0.91,Daxes,True,100,tiger,tiger
0c0e7ac66ed4019f26697db9f459a39a,pedagogical,0.79,Feps,True,100,tiger,tiger
0c0e7ac66ed4019f26697db9f459a39a,pedagogical,0.96,Blickets,True,100,tiger,tiger
29a6929fdba0408762326f36329f3245,2pedagogical,0.91,Feps,True,100,evergreen,evergreen
29a6929fdba0408762326f36329f3245,2pedagogical,0.9,Blickets,True,100,evergreen,evergreen
29a6929fdba0408762326f36329f3245,2pedagogical,0.89,Daxes,True,100,evergreen,evergreen
f3c1172b5939af26adaf04c9d84972b1,generic,0.99,Feps,,89,avergreen,evergreen
f3c1172b5939af26adaf04c9d84972b1,generic,0.87,Blickets,,89,avergreen,evergreen
f3c1172b5939af26adaf04c9d84972b1,generic,1,Daxes,,89,avergreen,evergreen
9fa1f5ebf624047ab47dd525cd827ec5,accidental,0.72,Daxes,True,100,evergreen,evergreen
9fa1f5ebf624047ab47dd525cd827ec5,accidental,0.75,Feps,True,100,evergreen,evergreen
9fa1f5ebf624047ab47dd525cd827ec5,accidental,0.98,Blickets,True,100,evergreen,evergreen
2c423fc090f0d8a2b9d8fdd92f1ae72f,pedageneric,0.84,Feps,True,100,evergreen,evergreen
2c423fc090f0d8a2b9d8fdd92f1ae72f,pedageneric,0.88,Daxes,True,100,evergreen,evergreen
2c423fc090f0d8a2b9d8fdd92f1ae72f,pedageneric,0.89,Blickets,True,100,evergreen,evergreen
a5d5de6e1c4b0cadac45f76e528ab9b7,2pedagogical,0.94,Feps,True,100,evergreen,evergreen
a5d5de6e1c4b0cadac45f76e528ab9b7,2pedagogical,0.93,Daxes,True,100,evergreen,evergreen
a5d5de6e1c4b0cadac45f76e528ab9b7,2pedagogical,0.9,Blickets,True,100,evergreen,evergreen
bff3401810853ced6b5bb9a6d511f937,2pedagogical,0.49,Feps,True,100,tiger,tiger
bff3401810853ced6b5bb9a6d511f937,2pedagogical,0.58,Daxes,True,100,tiger,tiger
bff3401810853ced6b5bb9a6d511f937,2pedagogical,0.78,Blickets,True,100,tiger,tiger
a22f12750983b92b938458c831b8a36a,accidental,0.83,Feps,True,100,tiger,tiger
a22f12750983b92b938458c831b8a36a,accidental,1,Daxes,True,100,tiger,tiger
a22f12750983b92b938458c831b8a36a,accidental,1,Blickets,True,100,tiger,tiger
94f51f8c910ad3a0da8ccc831ccfb871,pedagogical,0.71,Feps,True,90,ever green ,evergreen
94f51f8c910ad3a0da8ccc831ccfb871,pedagogical,0.93,Daxes,True,90,ever green ,evergreen
94f51f8c910ad3a0da8ccc831ccfb871,pedagogical,0.86,Blickets,True,90,ever green ,evergreen
67821a0ea91fd568f764a4a6a4839c14,pedageneric,1,Daxes,True,100,tiger,tiger
67821a0ea91fd568f764a4a6a4839c14,pedageneric,1,Feps,True,100,tiger,tiger
67821a0ea91fd568f764a4a6a4839c14,pedageneric,1,Blickets,True,100,tiger,tiger
5a2f14bce7a159ebdb60261c9a553958,accidental,0.51,Daxes,True,100,evergreen,evergreen
5a2f14bce7a159ebdb60261c9a553958,accidental,0.46,Feps,True,100,evergreen,evergreen
5a2f14bce7a159ebdb60261c9a553958,accidental,0.44,Blickets,True,100,evergreen,evergreen
2f6e9b13c43c91e8cb349e558a78e66c,pedageneric,0.95,Blickets,True,100,tiger,tiger
2f6e9b13c43c91e8cb349e558a78e66c,pedageneric,0.94,Feps,True,100,tiger,tiger
2f6e9b13c43c91e8cb349e558a78e66c,pedageneric,0.93,Daxes,True,100,tiger,tiger
db2f97936c5e27de0b42d6faf32170e9,pedagogical,1,Daxes,True,100,Evergreen,evergreen
db2f97936c5e27de0b42d6faf32170e9,pedagogical,0.51,Feps,True,100,Evergreen,evergreen
db2f97936c5e27de0b42d6faf32170e9,pedagogical,1,Blickets,True,100,Evergreen,evergreen
64f2053628bea3fe4abcfbb7d643a0b2,2pedagogical,0.61,Blickets,False,95,Evergreen ,evergreen
64f2053628bea3fe4abcfbb7d643a0b2,2pedagogical,0.72,Daxes,True,95,Evergreen ,evergreen
64f2053628bea3fe4abcfbb7d643a0b2,2pedagogical,0.43,Feps,True,95,Evergreen ,evergreen
f4f53a5c3d621f79197d883838ccab47,pedageneric,0.93,Blickets,True,100,evergreen,evergreen
f4f53a5c3d621f79197d883838ccab47,pedageneric,0.99,Feps,True,100,evergreen,evergreen
f4f53a5c3d621f79197d883838ccab47,pedageneric,0.96,Daxes,True,100,evergreen,evergreen
217cc311b7bcd4e78985d393e50ed645,generic,0.89,Blickets,,100,tiger,tiger
217cc311b7bcd4e78985d393e50ed645,generic,0.93,Daxes,,100,tiger,tiger
217cc311b7bcd4e78985d393e50ed645,generic,0.91,Feps,,100,tiger,tiger
aa43d6fa48885cc0f3f8a486cf17bd73,pedageneric,0.75,Blickets,True,100,tiger,tiger
aa43d6fa48885cc0f3f8a486cf17bd73,pedageneric,1,Daxes,True,100,tiger,tiger
aa43d6fa48885cc0f3f8a486cf17bd73,pedageneric,1,Feps,True,100,tiger,tiger
58b513783ee33c3c4182ca6d4b173fc9,generic,0.49,Daxes,,29,hi,tiger
58b513783ee33c3c4182ca6d4b173fc9,generic,0.72,Blickets,,29,hi,tiger
58b513783ee33c3c4182ca6d4b173fc9,generic,0.34,Feps,,29,hi,tiger
5f296272c5c656bcef382862b7713655,generic,1,Feps,,100,evergreen,evergreen
5f296272c5c656bcef382862b7713655,generic,1,Daxes,,100,evergreen,evergreen
5f296272c5c656bcef382862b7713655,generic,1,Blickets,,100,evergreen,evergreen
2d801498c1be4decd7f8a17345c8ef45,2pedagogical,0.92,Blickets,True,100,evergreen,evergreen
2d801498c1be4decd7f8a17345c8ef45,2pedagogical,0.97,Daxes,True,100,evergreen,evergreen
2d801498c1be4decd7f8a17345c8ef45,2pedagogical,0.96,Feps,True,100,evergreen,evergreen
4d51232a6f01e79942ab9e1fdf9940d2,pedageneric,1,Daxes,True,100,evergreen,evergreen
4d51232a6f01e79942ab9e1fdf9940d2,pedageneric,1,Blickets,True,100,evergreen,evergreen
4d51232a6f01e79942ab9e1fdf9940d2,pedageneric,1,Feps,True,100,evergreen,evergreen
afbf93810d9644c5d4fbcbc08c56f3f8,2accidental,0.73,Daxes,True,100,evergreen,evergreen
afbf93810d9644c5d4fbcbc08c56f3f8,2accidental,0.88,Blickets,True,100,evergreen,evergreen
afbf93810d9644c5d4fbcbc08c56f3f8,2accidental,0.59,Feps,True,100,evergreen,evergreen
602f491d5396dce1a7d84b5dfc94055d,generic,0.69,Blickets,,100,evergreen,evergreen
602f491d5396dce1a7d84b5dfc94055d,generic,0.59,Daxes,,100,evergreen,evergreen
602f491d5396dce1a7d84b5dfc94055d,generic,0.71,Feps,,100,evergreen,evergreen
3ec20d17524d426c0493d3f046921bee,2pedagogical,1,Blickets,True,100,tiger,tiger
3ec20d17524d426c0493d3f046921bee,2pedagogical,1,Feps,True,100,tiger,tiger
3ec20d17524d426c0493d3f046921bee,2pedagogical,1,Daxes,True,100,tiger,tiger
bf8c489b5332ede07578a8010613208e,2pedagogical,0.94,Blickets,True,100,evergreen,evergreen
bf8c489b5332ede07578a8010613208e,2pedagogical,0.9,Feps,True,100,evergreen,evergreen
bf8c489b5332ede07578a8010613208e,2pedagogical,0.92,Daxes,True,100,evergreen,evergreen
4752819fbcc175629a8a409471d22d2e,pedageneric,1,Feps,True,100,evergreen,evergreen
4752819fbcc175629a8a409471d22d2e,pedageneric,1,Blickets,True,100,evergreen,evergreen
4752819fbcc175629a8a409471d22d2e,pedageneric,1,Daxes,True,100,evergreen,evergreen
33ac6a1b465bc44bc9c6c923e796545d,2pedagogical,0.5,Blickets,True,100,tiger,tiger
33ac6a1b465bc44bc9c6c923e796545d,2pedagogical,0.77,Feps,True,100,tiger,tiger
33ac6a1b465bc44bc9c6c923e796545d,2pedagogical,0.37,Daxes,True,100,tiger,tiger
ee904eb91c10f7b74c18595115fc2c84,pedageneric,0.95,Daxes,True,100,tiger,tiger
ee904eb91c10f7b74c18595115fc2c84,pedageneric,0.96,Blickets,True,100,tiger,tiger
ee904eb91c10f7b74c18595115fc2c84,pedageneric,0.95,Feps,True,100,tiger,tiger
8ea06dd64054bc2bdbd96630bf9a9401,pedageneric,0.98,Blickets,True,100,evergreen,evergreen
8ea06dd64054bc2bdbd96630bf9a9401,pedageneric,1,Daxes,True,100,evergreen,evergreen
8ea06dd64054bc2bdbd96630bf9a9401,pedageneric,0.95,Feps,True,100,evergreen,evergreen
a3623ffaecf1e89cbe218cd459dbc6e5,generic,0.88,Blickets,,100,evergreen,evergreen
a3623ffaecf1e89cbe218cd459dbc6e5,generic,0.75,Daxes,,100,evergreen,evergreen
a3623ffaecf1e89cbe218cd459dbc6e5,generic,0.89,Feps,,100,evergreen,evergreen
e95c1074a1ba9a3aeeb86bfdc05b02ce,accidental,0.84,Feps,True,100,tiger,tiger
e95c1074a1ba9a3aeeb86bfdc05b02ce,accidental,0.8,Blickets,True,100,tiger,tiger
e95c1074a1ba9a3aeeb86bfdc05b02ce,accidental,0.52,Daxes,True,100,tiger,tiger
6ff4fde7dfa981e348521fbaaef27ff3,pedagogical,0.51,Feps,True,100,tiger,tiger
6ff4fde7dfa981e348521fbaaef27ff3,pedagogical,0.77,Daxes,True,100,tiger,tiger
6ff4fde7dfa981e348521fbaaef27ff3,pedagogical,0.49,Blickets,True,100,tiger,tiger
89cb85a4d901a652cbba9f5ac1fee0bf,accidental,0.95,Blickets,True,100,evergreen,evergreen
89cb85a4d901a652cbba9f5ac1fee0bf,accidental,1,Feps,True,100,evergreen,evergreen
89cb85a4d901a652cbba9f5ac1fee0bf,accidental,0.73,Daxes,True,100,evergreen,evergreen
571bcf2cc52ec53143636945a38ddf35,2accidental,0.52,Daxes,True,100,tiger,tiger
571bcf2cc52ec53143636945a38ddf35,2accidental,0.51,Feps,True,100,tiger,tiger
571bcf2cc52ec53143636945a38ddf35,2accidental,0.53,Blickets,True,100,tiger,tiger
0d00290f86c1fdd44430baab44cdf892,pedageneric,0.92,Blickets,True,100,tiger,tiger
0d00290f86c1fdd44430baab44cdf892,pedageneric,0.94,Daxes,True,100,tiger,tiger
0d00290f86c1fdd44430baab44cdf892,pedageneric,1,Feps,True,100,tiger,tiger
8aff4aaf68a53b60e8de5c1cd53fa41b,accidental,0.72,Blickets,True,100,tiger,tiger
8aff4aaf68a53b60e8de5c1cd53fa41b,accidental,0.24,Daxes,True,100,tiger,tiger
8aff4aaf68a53b60e8de5c1cd53fa41b,accidental,0.16,Feps,True,100,tiger,tiger
ceb0284b1007ebf65ecbf875c449e71d,pedagogical,0.91,Blickets,True,60,title,tiger
ceb0284b1007ebf65ecbf875c449e71d,pedagogical,0.85,Daxes,True,60,title,tiger
ceb0284b1007ebf65ecbf875c449e71d,pedagogical,0.89,Feps,True,60,title,tiger
702287129b33ee0daf51355e65ce3530,2accidental,0.51,Daxes,True,100,tiger,tiger
702287129b33ee0daf51355e65ce3530,2accidental,0.51,Feps,True,100,tiger,tiger
702287129b33ee0daf51355e65ce3530,2accidental,0.51,Blickets,True,100,tiger,tiger
d2acd70dd344fc1289722083cfcda7e0,generic,0.8,Feps,,100,tiger,tiger
d2acd70dd344fc1289722083cfcda7e0,generic,0.62,Blickets,,100,tiger,tiger
d2acd70dd344fc1289722083cfcda7e0,generic,0.7,Daxes,,100,tiger,tiger
492096d8137fc47c606651b0ec4c8503,2pedagogical,0.76,Blickets,True,100,tiger,tiger
492096d8137fc47c606651b0ec4c8503,2pedagogical,0.66,Feps,True,100,tiger,tiger
492096d8137fc47c606651b0ec4c8503,2pedagogical,0.79,Daxes,True,100,tiger,tiger
45211556388a209258be70087a4ade10,2accidental,0.46,Daxes,True,100,tiger,tiger
45211556388a209258be70087a4ade10,2accidental,0.57,Feps,True,100,tiger,tiger
45211556388a209258be70087a4ade10,2accidental,0.98,Blickets,True,100,tiger,tiger
9a835f8833d9e03c4604f6af2f117c6f,accidental,0.83,Feps,False,27,skyscraper,tiger
9a835f8833d9e03c4604f6af2f117c6f,accidental,0.88,Daxes,False,27,skyscraper,tiger
9a835f8833d9e03c4604f6af2f117c6f,accidental,0.5,Blickets,True,27,skyscraper,tiger
9295889a4c2642d5ff952a7b9a89ada3,generic,0.83,Daxes,,100,tiger,tiger
9295889a4c2642d5ff952a7b9a89ada3,generic,0.84,Feps,,100,tiger,tiger
9295889a4c2642d5ff952a7b9a89ada3,generic,0.87,Blickets,,100,tiger,tiger
7b312c9dfac2ce2eb1e8097583984907,pedagogical,0.93,Daxes,True,21,skyscraper,evergreen
7b312c9dfac2ce2eb1e8097583984907,pedagogical,0.89,Blickets,False,21,skyscraper,evergreen
7b312c9dfac2ce2eb1e8097583984907,pedagogical,1,Feps,True,21,skyscraper,evergreen
602f491d5396dce1a7d84b5dfc94055d,2pedagogical,0.97,Blickets,True,100,Tiger,tiger
602f491d5396dce1a7d84b5dfc94055d,2pedagogical,1,Daxes,True,100,Tiger,tiger
602f491d5396dce1a7d84b5dfc94055d,2pedagogical,0.99,Feps,True,100,Tiger,tiger
15e9b1922901abb9965b5ebe49b3c036,accidental,0.49,Blickets,True,100,evergreen,evergreen
15e9b1922901abb9965b5ebe49b3c036,accidental,0.75,Feps,True,100,evergreen,evergreen
15e9b1922901abb9965b5ebe49b3c036,accidental,0.87,Daxes,True,100,evergreen,evergreen
3b22946080646d3e0ee3a19ae30a5b15,pedagogical,0.51,Daxes,True,100,tiger,tiger
3b22946080646d3e0ee3a19ae30a5b15,pedagogical,0.5,Feps,True,100,tiger,tiger
3b22946080646d3e0ee3a19ae30a5b15,pedagogical,0.5,Blickets,True,100,tiger,tiger
4fa97e0e73bda8f09288212b455762dd,pedagogical,0.43,Daxes,True,100,evergreen,evergreen
4fa97e0e73bda8f09288212b455762dd,pedagogical,0.68,Blickets,True,100,evergreen,evergreen
4fa97e0e73bda8f09288212b455762dd,pedagogical,0.4,Feps,True,100,evergreen,evergreen
41882932fec2097e62db148cd3c1b455,pedageneric,0.73,Feps,False,100,tiger,tiger
41882932fec2097e62db148cd3c1b455,pedageneric,0.72,Blickets,True,100,tiger,tiger
41882932fec2097e62db148cd3c1b455,pedageneric,0.61,Daxes,True,100,tiger,tiger
e1668bf026f469bdde1563106c24612d,2pedagogical,0.82,Feps,True,100,evergreen,evergreen
e1668bf026f469bdde1563106c24612d,2pedagogical,0.94,Daxes,True,100,evergreen,evergreen
e1668bf026f469bdde1563106c24612d,2pedagogical,0.98,Blickets,True,100,evergreen,evergreen
6345303f30b70b06d0818ca0c104c662,2pedagogical,1,Feps,True,100,evergreen,evergreen
6345303f30b70b06d0818ca0c104c662,2pedagogical,1,Daxes,True,100,evergreen,evergreen
6345303f30b70b06d0818ca0c104c662,2pedagogical,1,Blickets,True,100,evergreen,evergreen
be5c2dd55c4b52bb5c508ef7f5cb0ed3,pedagogical,0.49,Blickets,True,100,evergreen,evergreen
be5c2dd55c4b52bb5c508ef7f5cb0ed3,pedagogical,0.14,Feps,True,100,evergreen,evergreen
be5c2dd55c4b52bb5c508ef7f5cb0ed3,pedagogical,0.18,Daxes,True,100,evergreen,evergreen
e4449da61685adbf327e13dc4886416b,2pedagogical,0.42,Feps,True,100,evergreen,evergreen
e4449da61685adbf327e13dc4886416b,2pedagogical,0.44,Daxes,True,100,evergreen,evergreen
e4449da61685adbf327e13dc4886416b,2pedagogical,0.4,Blickets,True,100,evergreen,evergreen
7be8a0d68ff11625ab8420d36b94ffce,2accidental,0.99,Blickets,True,100,evergreen,evergreen
7be8a0d68ff11625ab8420d36b94ffce,2accidental,0.93,Feps,True,100,evergreen,evergreen
7be8a0d68ff11625ab8420d36b94ffce,2accidental,0.99,Daxes,True,100,evergreen,evergreen
9c0696f8a30375dec907d03d42d93b32,accidental,0.99,Daxes,True,100,evergreen,evergreen
9c0696f8a30375dec907d03d42d93b32,accidental,0.5,Feps,True,100,evergreen,evergreen
9c0696f8a30375dec907d03d42d93b32,accidental,1,Blickets,True,100,evergreen,evergreen
2745d0eddd47597485a3c45bfa00441f,2accidental,0.27,Blickets,True,100,evergreen,evergreen
2745d0eddd47597485a3c45bfa00441f,2accidental,0.69,Daxes,True,100,evergreen,evergreen
2745d0eddd47597485a3c45bfa00441f,2accidental,0.21,Feps,True,100,evergreen,evergreen
2b1dd1f62decbaa6cfa967ae9652a41d,pedagogical,0.49,Daxes,True,100,evergreen,evergreen
2b1dd1f62decbaa6cfa967ae9652a41d,pedagogical,0.49,Feps,True,100,evergreen,evergreen
2b1dd1f62decbaa6cfa967ae9652a41d,pedagogical,0.5,Blickets,True,100,evergreen,evergreen
f26af7723fd7061775295588923814e2,pedageneric,1,Daxes,True,100,tiger,tiger
f26af7723fd7061775295588923814e2,pedageneric,1,Feps,True,100,tiger,tiger
f26af7723fd7061775295588923814e2,pedageneric,1,Blickets,True,100,tiger,tiger
602f491d5396dce1a7d84b5dfc94055d,pedageneric,0.98,Daxes,True,100,tiger,tiger
602f491d5396dce1a7d84b5dfc94055d,pedageneric,1,Feps,True,100,tiger,tiger
602f491d5396dce1a7d84b5dfc94055d,pedageneric,1,Blickets,True,100,tiger,tiger
3cbdca66bdda4d5f42412f41a6d5d209,pedagogical,0.5,Feps,True,100,EVERGREEN,evergreen
3cbdca66bdda4d5f42412f41a6d5d209,pedagogical,0.5,Daxes,True,100,EVERGREEN,evergreen
3cbdca66bdda4d5f42412f41a6d5d209,pedagogical,0.51,Blickets,False,100,EVERGREEN,evergreen
4773b36ce15837b35122da528a27623d,generic,0.98,Blickets,,100,tiger,tiger
4773b36ce15837b35122da528a27623d,generic,0.98,Feps,,100,tiger,tiger
4773b36ce15837b35122da528a27623d,generic,1,Daxes,,100,tiger,tiger
6118989e529970e361937c2b93ec220c,pedagogical,0.65,Feps,True,100,evergreen,evergreen
6118989e529970e361937c2b93ec220c,pedagogical,0.72,Daxes,True,100,evergreen,evergreen
6118989e529970e361937c2b93ec220c,pedagogical,0.63,Blickets,True,100,evergreen,evergreen
6cc01021ead23ad51e6c3fb49e0363df,2accidental,0.49,Feps,True,100,evergreen,evergreen
6cc01021ead23ad51e6c3fb49e0363df,2accidental,0.96,Daxes,True,100,evergreen,evergreen
6cc01021ead23ad51e6c3fb49e0363df,2accidental,0.98,Blickets,True,100,evergreen,evergreen
cc414b890ae7bc8037e198a1e9b36393,generic,0.78,Blickets,,100,tiger,tiger
cc414b890ae7bc8037e198a1e9b36393,generic,1,Daxes,,100,tiger,tiger
cc414b890ae7bc8037e198a1e9b36393,generic,0.95,Feps,,100,tiger,tiger
171cd84a38d89e61e34deae559d4be32,2accidental,0.93,Daxes,True,100,tiger,tiger
171cd84a38d89e61e34deae559d4be32,2accidental,0.94,Blickets,True,100,tiger,tiger
171cd84a38d89e61e34deae559d4be32,2accidental,0.94,Feps,True,100,tiger,tiger
24f7f707f133624d3330d15271721c9a,accidental,0.62,Blickets,True,100,tiger,tiger
24f7f707f133624d3330d15271721c9a,accidental,0.51,Daxes,True,100,tiger,tiger
24f7f707f133624d3330d15271721c9a,accidental,0.6,Feps,True,100,tiger,tiger
f16ef588f346c52c82a1f1de45233ed5,2accidental,1,Blickets,True,100,evergreen,evergreen
f16ef588f346c52c82a1f1de45233ed5,2accidental,0,Feps,True,100,evergreen,evergreen
f16ef588f346c52c82a1f1de45233ed5,2accidental,1,Daxes,True,100,evergreen,evergreen
5242d32c761368de529bf1c5d56b4ec0,accidental,0.96,Feps,True,100,tiger,tiger
5242d32c761368de529bf1c5d56b4ec0,accidental,1,Daxes,True,100,tiger,tiger
5242d32c761368de529bf1c5d56b4ec0,accidental,1,Blickets,True,100,tiger,tiger
f2b68acb6bca0466c656bc8853dfe7ae,generic,1,Blickets,,100,evergreen,evergreen
f2b68acb6bca0466c656bc8853dfe7ae,generic,1,Daxes,,100,evergreen,evergreen
f2b68acb6bca0466c656bc8853dfe7ae,generic,1,Feps,,100,evergreen,evergreen
f2484e331c36f6b40d1eeb5c5ed9b3ec,pedageneric,0.94,Blickets,True,100,tiger,tiger
f2484e331c36f6b40d1eeb5c5ed9b3ec,pedageneric,0.96,Feps,True,100,tiger,tiger
f2484e331c36f6b40d1eeb5c5ed9b3ec,pedageneric,0.96,Daxes,True,100,tiger,tiger
cf6edb8f964233bb1b64fdf8aeec0872,2accidental,0.49,Feps,True,100,evergreen,evergreen
cf6edb8f964233bb1b64fdf8aeec0872,2accidental,0.73,Daxes,True,100,evergreen,evergreen
cf6edb8f964233bb1b64fdf8aeec0872,2accidental,0.5,Blickets,True,100,evergreen,evergreen
34fc2707c7831a3d78e1f9199b8d93ac,2pedagogical,0.96,Feps,True,100,Tiger,tiger
34fc2707c7831a3d78e1f9199b8d93ac,2pedagogical,0.95,Daxes,True,100,Tiger,tiger
34fc2707c7831a3d78e1f9199b8d93ac,2pedagogical,0.98,Blickets,True,100,Tiger,tiger
562344ce16c0170e4e9db40d33bb7e95,accidental,1,Daxes,True,100,tiger,tiger
562344ce16c0170e4e9db40d33bb7e95,accidental,1,Feps,True,100,tiger,tiger
562344ce16c0170e4e9db40d33bb7e95,accidental,1,Blickets,True,100,tiger,tiger
9bcc91a51a105669cd40d31b6fc408d2,accidental,0.81,Blickets,True,100,evergreen,evergreen
9bcc91a51a105669cd40d31b6fc408d2,accidental,0.4,Feps,True,100,evergreen,evergreen
9bcc91a51a105669cd40d31b6fc408d2,accidental,0.62,Daxes,True,100,evergreen,evergreen
cc7feb4f440963cc7ab3d7dad1507169,accidental,0.94,Feps,True,100,tiger,tiger
cc7feb4f440963cc7ab3d7dad1507169,accidental,0.85,Blickets,True,100,tiger,tiger
cc7feb4f440963cc7ab3d7dad1507169,accidental,0.91,Daxes,True,100,tiger,tiger
a152ad05d02dfd73e89c43644ae1c2bc,generic,0.74,Blickets,,84,Avergreen?,evergreen
a152ad05d02dfd73e89c43644ae1c2bc,generic,0.76,Daxes,,84,Avergreen?,evergreen
a152ad05d02dfd73e89c43644ae1c2bc,generic,0.75,Feps,,84,Avergreen?,evergreen
4fa7b93051b85bf482e370990b370f60,accidental,0.53,Daxes,True,100,evergreen,evergreen
4fa7b93051b85bf482e370990b370f60,accidental,0.39,Blickets,False,100,evergreen,evergreen
4fa7b93051b85bf482e370990b370f60,accidental,0.72,Feps,False,100,evergreen,evergreen
